DonorID,Age,Income,Savings,GoldValue,InvestmentValue,TotalWealth,FamilySize,EmploymentStatus,PreviousContributionScore,LastPaymentDate,HaulStartDate,DonorTier,ZakatAmount
MZ1000,62,204,1518,1126,0,2644,4,0,28,2024-12-30,2025-09-02,Mass Market,0.0
MZ1001,69,74380,120604,2082,7811,130497,2,2,27,2025-11-28,2025-07-16,High-Net-Worth,3075.2
MZ1002,57,142350,76426,13746,28893,119065,8,1,75,2025-12-08,2025-06-23,High-Net-Worth,3490.62
MZ1003,70,146506,60392,11149,36421,107962,3,1,27,2024-04-27,2025-05-24,High-Net-Worth,2556.0
MZ1004,28,145082,50082,19782,34671,104535,1,1,93,2025-06-01,2025-03-22,High-Net-Worth,3382.07
MZ1005,27,174109,104800,37837,50407,193044,2,2,5,2025-07-16,2024-12-09,High-Net-Worth,3969.82
MZ1006,27,147071,18238,12455,36434,67127,8,1,81,2025-06-13,2025-05-10,Mass Market,2010.49
MZ1007,35,129488,14358,19960,83227,117545,3,1,68,2025-05-31,2025-07-10,High-Net-Worth,3428.99
MZ1008,39,137941,95008,3665,60043,158716,1,2,40,2025-08-25,2025-04-21,High-Net-Worth,4006.27
MZ1009,58,76869,70435,12964,84259,167658,8,1,18,2023-10-23,2025-06-30,High-Net-Worth,3706.92
MZ1010,57,164152,122311,38242,104700,265253,6,2,28,2025-10-26,2025-09-03,High-Net-Worth,6260.57
MZ1011,70,898,313,2570,0,2883,3,0,87,2025-05-28,2025-04-10,Mass Market,0.0
MZ1012,46,269592,148704,16476,145024,310204,1,2,87,2024-02-07,2024-11-08,High-Net-Worth,9554.38
MZ1013,70,155741,49587,3655,38469,91711,7,1,20,2023-11-04,2025-03-25,Mass Market,2040.21
MZ1014,68,181387,70612,24967,23416,118995,9,1,13,2025-01-18,2024-12-27,High-Net-Worth,2585.36
MZ1015,54,130086,50065,24504,199887,274456,3,2,69,2025-02-08,2025-02-14,High-Net-Worth,7760.64
MZ1016,42,43552,19662,11894,40306,71862,4,1,7,2025-11-01,2025-07-12,Mass Market,1413.87
MZ1017,27,140457,14071,24923,69822,108816,3,1,16,2025-03-05,2024-12-10,High-Net-Worth,2365.84
MZ1018,32,105163,60461,6940,70686,138087,4,1,91,2025-01-02,2025-06-06,High-Net-Worth,4281.84
MZ1019,63,108922,72839,14794,15860,103493,4,1,28,2025-02-13,2025-10-11,High-Net-Worth,2447.8
MZ1020,57,125628,33864,235,9305,43404,1,1,29,2025-06-25,2025-10-09,Mass Market,980.02
MZ1021,26,144982,83001,43842,127248,254091,4,2,69,2025-02-22,2025-09-06,High-Net-Worth,7202.74
MZ1022,58,80850,66993,26460,53354,146807,4,1,12,2025-06-13,2025-09-24,High-Net-Worth,3229.63
MZ1023,49,105713,12100,22064,85649,119813,2,1,7,2025-10-17,2025-04-20,High-Net-Worth,2489.81
MZ1024,37,63431,75292,14700,18373,108365,7,1,23,2025-11-03,2025-06-23,High-Net-Worth,2482.23
MZ1025,50,76332,23261,42738,141711,207710,1,2,11,2025-04-07,2025-07-14,High-Net-Worth,4368.56
MZ1026,52,159331,57565,29571,7685,94821,3,1,48,2025-07-29,2025-11-11,Mass Market,2438.13
MZ1027,72,93388,60444,22825,95748,179017,9,1,84,2025-09-05,2024-11-10,High-Net-Worth,5465.56
MZ1028,40,166970,12665,18978,96434,128077,9,1,7,2024-01-13,2025-06-05,High-Net-Worth,2616.06
MZ1029,52,303863,51270,3727,133124,188121,2,2,23,2024-12-31,2025-10-08,High-Net-Worth,4322.05
MZ1030,37,54213,79668,8067,75880,163615,1,1,79,2025-02-16,2025-10-02,High-Net-Worth,4857.97
MZ1031,58,192468,78358,13386,175564,267308,6,2,30,2025-01-02,2025-06-30,High-Net-Worth,6333.98
MZ1032,63,111429,46441,24637,9508,80586,1,1,58,2025-10-21,2024-12-29,Mass Market,2165.88
MZ1033,26,131954,142614,17380,34722,194716,6,2,8,2025-09-22,2025-07-10,High-Net-Worth,4181.65
MZ1034,50,183606,148658,512,175076,324246,9,2,38,2024-08-31,2024-12-08,High-Net-Worth,8024.41
MZ1035,38,876,1520,2266,0,3786,3,0,34,2025-06-19,2025-06-21,Mass Market,0.0
MZ1036,35,103744,69032,8228,6658,83918,2,1,81,2025-11-19,2025-04-10,Mass Market,2475.14
MZ1037,22,132072,22146,20876,34335,77357,3,1,94,2025-05-07,2025-03-31,Mass Market,2497.21
MZ1038,57,916,154,2830,0,2984,3,0,69,2025-02-16,2025-10-25,Mass Market,0.0
MZ1039,57,104833,21704,1370,40404,63478,6,1,5,2025-08-06,2025-05-13,Mass Market,1248.19
MZ1040,64,2897,1597,2293,0,3890,7,0,79,2025-08-12,2025-08-25,Mass Market,0.0
MZ1041,32,151528,59040,812,23509,83361,6,1,100,2025-08-06,2025-04-16,Mass Market,2719.68
MZ1042,39,142702,19168,12535,5075,36778,8,1,28,2025-04-20,2025-08-02,Mass Market,766.3
MZ1043,44,149549,34831,7304,3101,45236,4,1,51,2025-11-06,2025-05-28,Mass Market,1126.69
MZ1044,71,101525,71768,13096,89065,173929,9,1,42,2024-06-27,2025-10-29,High-Net-Worth,4401.55
MZ1045,33,160780,20028,7104,156387,183519,7,2,44,2025-03-25,2025-06-05,High-Net-Worth,4716.66
MZ1046,29,152399,29914,8346,5817,44077,7,1,0,2025-03-11,2025-02-19,Mass Market,890.11
MZ1047,65,100239,61531,2292,87062,150885,6,1,79,2025-10-09,2025-06-05,High-Net-Worth,4501.91
MZ1048,68,120469,45538,21852,53528,120918,6,1,51,2025-10-07,2024-11-21,High-Net-Worth,3174.16
MZ1049,34,124153,54695,22194,98059,174948,3,1,78,2025-03-06,2025-01-25,High-Net-Worth,5130.78
MZ1050,75,2489,587,860,0,1447,7,0,100,2025-06-30,2025-01-20,Mass Market,0.0
MZ1051,51,103454,33010,16750,62021,111781,3,1,84,2025-01-06,2025-09-30,High-Net-Worth,3373.33
MZ1052,62,203135,34480,49226,61569,145275,5,2,28,2024-10-15,2025-08-03,High-Net-Worth,3390.93
MZ1053,37,118620,14545,14923,54321,83789,4,1,91,2025-05-21,2024-11-21,Mass Market,2681.74
MZ1054,37,124490,5726,29250,98430,133406,2,1,99,2024-12-20,2025-04-09,High-Net-Worth,4336.2
MZ1055,55,54082,78060,8165,15906,102131,8,1,17,2025-02-28,2025-03-20,High-Net-Worth,2171.5
MZ1056,60,174523,63008,20075,94276,177359,9,1,54,2025-09-21,2025-02-05,High-Net-Worth,4760.56
MZ1057,69,113491,38972,24634,32406,96012,5,1,98,2025-08-11,2025-02-19,Mass Market,3077.13
MZ1058,39,49655,42450,7683,35614,85747,6,1,40,2024-08-22,2025-02-09,Mass Market,2109.83
MZ1059,36,128957,25028,23147,28043,76218,2,1,53,2025-04-17,2025-04-18,Mass Market,2059.89
MZ1060,48,1694,1705,1720,0,3425,7,0,98,2025-12-01,2025-01-17,Mass Market,0.0
MZ1061,70,228429,135037,386,92211,227634,5,2,96,2025-05-11,2025-04-27,High-Net-Worth,7335.84
MZ1062,56,141825,137986,14380,71548,223914,7,2,62,2025-01-03,2025-10-29,High-Net-Worth,6260.18
MZ1063,65,147419,26632,27541,61261,115434,3,1,79,2024-04-20,2025-02-12,High-Net-Worth,3406.63
MZ1064,59,41009,32006,42123,112358,186487,3,2,59,2024-04-27,2025-08-11,High-Net-Worth,5089.62
MZ1065,42,100598,47840,11059,99775,158674,7,1,35,2025-10-31,2025-04-11,High-Net-Worth,3884.24
MZ1066,52,4418,106,1433,0,1539,4,0,83,2025-01-12,2025-10-08,Mass Market,0.0
MZ1067,24,2025,408,83,0,491,3,0,30,2025-10-14,2025-09-09,Mass Market,0.0
MZ1068,58,109952,38586,25129,48351,112066,3,1,77,2025-10-14,2025-01-06,High-Net-Worth,3368.73
MZ1069,71,181947,45768,3542,75849,125159,1,1,39,2025-06-02,2025-01-22,High-Net-Worth,3089.37
MZ1070,47,53461,36830,3339,91382,131551,5,1,87,2025-02-25,2025-01-09,High-Net-Worth,4052.35
MZ1071,72,2844,1091,1754,0,2845,6,0,8,2025-12-05,2025-02-26,Mass Market,0.0
MZ1072,48,57833,61822,11868,83307,156997,8,1,90,2025-03-19,2025-08-26,High-Net-Worth,4850.84
MZ1073,63,132228,75539,25383,63372,164294,8,1,55,2025-08-08,2025-01-13,High-Net-Worth,4355.59
MZ1074,75,2284,1805,1846,0,3651,4,0,96,2025-01-03,2025-03-20,Mass Market,0.0
MZ1075,46,46761,69789,27884,42600,140273,3,1,62,2025-08-01,2025-07-27,High-Net-Worth,3933.2
MZ1076,43,156885,41211,18212,1330,60753,9,1,24,2025-05-17,2025-09-30,Mass Market,1465.13
MZ1077,53,151598,134804,42329,186605,363738,8,2,57,2024-07-17,2025-11-04,High-Net-Worth,9862.79
MZ1078,47,83635,53368,15507,72544,141419,9,1,44,2025-03-05,2025-04-09,High-Net-Worth,3656.36
MZ1079,43,133624,64473,8877,40189,113539,5,1,29,2025-07-03,2025-09-12,High-Net-Worth,2700.44
MZ1080,29,117871,60211,14180,193620,268011,8,2,35,2025-03-18,2024-11-07,High-Net-Worth,6500.51
MZ1081,60,178517,18176,27283,25443,70902,5,1,29,2025-12-04,2025-05-12,Mass Market,1693.13
MZ1082,67,94765,81909,2982,14293,99184,9,2,37,2025-01-19,2024-11-20,Mass Market,2519.31
MZ1083,70,68446,6607,18810,37268,62685,8,1,61,2025-11-15,2025-04-01,Mass Market,1729.88
MZ1084,38,53953,13564,13130,64454,91148,2,1,73,2025-09-25,2024-12-25,Mass Market,2732.92
MZ1085,31,180497,32329,16265,31051,79645,9,2,97,2025-01-29,2025-04-13,Mass Market,2427.61
MZ1086,36,221627,128099,29014,77949,235062,7,2,39,2025-02-02,2025-01-25,High-Net-Worth,5888.26
MZ1087,69,1702,1281,864,0,2145,5,0,84,2025-09-14,2025-10-02,Mass Market,0.0
MZ1088,57,1282,5,1673,0,1678,8,0,88,2025-11-25,2025-01-12,Mass Market,0.0
MZ1089,36,130662,42056,23035,59510,124601,2,1,87,2025-01-25,2025-07-16,High-Net-Worth,3851.41
MZ1090,59,105223,20043,17844,29466,67353,3,1,34,2024-08-15,2025-09-01,Mass Market,1618.36
MZ1091,72,133993,79607,9457,57560,146624,2,1,59,2025-05-19,2024-11-25,High-Net-Worth,4018.42
MZ1092,39,305905,139445,28688,21087,189220,1,2,55,2025-11-28,2025-05-31,High-Net-Worth,4985.91
MZ1093,27,159579,7719,25059,88117,120895,5,1,73,2025-09-13,2025-10-23,High-Net-Worth,3510.08
MZ1094,52,257255,82917,11894,153440,248251,7,2,81,2025-04-15,2025-03-06,High-Net-Worth,7496.42
MZ1095,44,85687,47081,21958,13710,82749,3,1,42,2025-07-17,2025-04-16,Mass Market,2163.31
MZ1096,64,158635,77102,1202,59614,137918,2,1,40,2025-05-19,2025-07-06,High-Net-Worth,3422.04
MZ1097,54,4444,946,1692,0,2638,1,0,24,2025-03-31,2025-02-20,Mass Market,0.0
MZ1098,62,150613,11764,6670,35003,53437,9,1,16,2024-12-19,2025-06-18,Mass Market,1135.19
MZ1099,53,236,1993,2580,0,4573,4,0,90,2025-12-04,2025-08-23,Mass Market,0.0
MZ1100,57,60717,34451,27571,14871,76893,8,1,15,2025-03-31,2024-12-16,Mass Market,1656.95
MZ1101,67,120198,40838,13614,63242,117694,8,1,31,2025-05-29,2025-03-24,High-Net-Worth,2855.71
MZ1102,34,288264,45784,4575,72416,122775,7,2,43,2025-12-10,2025-02-26,High-Net-Worth,3131.85
MZ1103,40,149769,69178,28352,19476,117006,8,1,68,2025-03-04,2025-03-10,High-Net-Worth,3308.18
MZ1104,70,226766,129365,21088,49454,199907,4,2,73,2025-05-15,2025-04-30,High-Net-Worth,5847.95
MZ1105,24,129609,66993,23108,49968,140069,7,1,84,2025-04-02,2024-12-14,High-Net-Worth,4276.96
MZ1106,24,97836,48515,28498,13154,90167,8,1,12,2025-12-04,2025-02-16,Mass Market,1987.02
MZ1107,68,107736,25232,2451,61537,89220,5,1,43,2025-01-13,2024-12-28,Mass Market,2228.85
MZ1108,27,145218,74942,12452,41505,128899,8,1,69,2025-08-13,2025-10-25,High-Net-Worth,3673.35
MZ1109,62,80817,16846,14220,12903,43969,2,1,56,2025-11-27,2025-08-19,Mass Market,1167.56
MZ1110,24,136352,12355,9613,46984,68952,6,1,55,2025-05-15,2025-08-30,Mass Market,1779.91
MZ1111,58,71280,27946,2587,79887,110420,7,1,79,2025-02-16,2024-11-28,High-Net-Worth,3313.6
MZ1112,31,95943,38289,15059,33466,86814,1,1,59,2025-09-22,2025-06-18,Mass Market,2389.59
MZ1113,26,156893,50293,19253,39210,108756,7,1,88,2025-07-10,2025-07-07,High-Net-Worth,3371.69
MZ1114,34,148848,68335,3494,31091,102920,7,1,73,2024-12-18,2025-05-13,High-Net-Worth,2985.82
MZ1115,40,3242,562,33,0,595,1,0,77,2025-07-18,2025-03-03,Mass Market,0.0
MZ1116,71,135069,51179,7176,83442,141797,4,1,79,2025-01-08,2025-07-07,High-Net-Worth,4165.42
MZ1117,65,134845,17735,29602,82242,129579,1,1,39,2024-05-05,2025-04-01,High-Net-Worth,3202.25
MZ1118,68,65813,43680,10705,97973,152358,7,1,22,2024-02-05,2025-08-02,High-Net-Worth,3449.01
MZ1119,45,287084,81441,10783,67363,159587,8,2,37,2025-04-16,2025-05-23,High-Net-Worth,3889.72
MZ1120,26,131848,34571,28185,88647,151403,7,1,71,2024-04-19,2025-05-09,High-Net-Worth,4363.7
MZ1121,22,101329,21199,14902,48311,84412,5,1,74,2025-06-04,2025-05-01,Mass Market,2489.25
MZ1122,28,95797,8280,20301,73584,102165,6,1,78,2025-01-20,2025-07-22,High-Net-Worth,3133.72
MZ1123,74,176195,44608,21274,53516,119398,2,1,17,2025-07-09,2025-10-20,High-Net-Worth,2650.41
MZ1124,53,796,480,2201,0,2681,3,0,49,2024-12-20,2025-03-25,Mass Market,0.0
MZ1125,56,124983,25253,29013,54379,108645,2,1,62,2025-07-21,2025-01-01,High-Net-Worth,3027.78
MZ1126,24,60477,63115,14571,30947,108633,6,1,12,2025-01-15,2024-11-26,High-Net-Worth,2331.89
MZ1127,44,3261,565,777,0,1342,2,0,58,2025-01-17,2025-09-27,Mass Market,0.0
MZ1128,62,38597,23258,21856,63850,108964,3,2,100,2025-03-03,2025-01-27,High-Net-Worth,3445.39
MZ1129,35,135220,71079,21532,38680,131291,1,2,35,2025-03-10,2025-08-30,High-Net-Worth,3198.89
MZ1130,38,53408,8379,4318,1947,14644,6,1,100,2025-12-03,2025-07-14,Mass Market,0.0
MZ1131,33,43368,21614,24304,55176,101094,9,1,14,2025-06-09,2025-10-11,High-Net-Worth,2201.81
MZ1132,54,82975,128490,33019,58077,219586,1,2,93,2025-04-21,2024-12-10,High-Net-Worth,7067.57
MZ1133,63,498,980,1645,0,2625,7,0,87,2025-04-28,2025-09-18,Mass Market,0.0
MZ1134,26,2638,1245,607,0,1852,2,0,16,2025-02-15,2025-06-25,Mass Market,0.0
MZ1135,57,98425,74541,9663,59469,143673,9,1,77,2023-11-14,2025-04-06,High-Net-Worth,4246.69
MZ1136,29,133534,122740,29593,59898,212231,7,2,43,2025-10-24,2025-03-25,High-Net-Worth,5400.44
MZ1137,42,81963,38408,12265,20006,70679,8,1,8,2025-10-25,2025-09-27,Mass Market,1482.52
MZ1138,49,3052,1662,532,0,2194,9,0,7,2025-02-27,2025-01-16,Mass Market,0.0
MZ1139,43,3365,724,2725,0,3449,7,0,92,2025-02-07,2025-10-17,Mass Market,0.0
MZ1140,41,54079,71507,6971,20280,98758,8,1,28,2025-03-02,2025-09-18,Mass Market,2262.38
MZ1141,45,2282,1175,926,0,2101,7,0,71,2025-01-16,2024-12-29,Mass Market,0.0
MZ1142,57,4988,1902,2694,0,4596,5,0,3,2025-07-06,2025-08-12,Mass Market,0.0
MZ1143,43,42300,28777,28503,18776,76056,7,1,8,2025-11-26,2025-09-01,Mass Market,1654.32
MZ1144,27,133191,108617,27514,118920,255051,6,2,20,2025-06-28,2025-05-07,High-Net-Worth,5776.24
MZ1145,71,73741,23791,10196,41264,75251,1,2,86,2025-01-07,2025-10-02,Mass Market,2353.52
MZ1146,49,124070,62939,13571,35804,112314,4,1,96,2024-04-01,2025-02-23,High-Net-Worth,3548.58
MZ1147,29,123395,68783,17266,87442,173491,5,1,5,2025-02-08,2025-07-23,High-Net-Worth,3648.39
MZ1148,25,1674,617,865,0,1482,3,0,97,2025-10-11,2025-07-05,Mass Market,0.0
MZ1149,22,128912,61446,5757,16932,84135,7,1,68,2025-02-28,2024-11-17,Mass Market,2327.75
MZ1150,75,66947,57044,28238,97260,182542,1,1,55,2025-11-02,2025-11-03,High-Net-Worth,4935.16
MZ1151,42,248468,116017,46497,167809,330323,7,2,37,2025-06-28,2025-09-15,High-Net-Worth,8243.73
MZ1152,32,262623,104857,5775,114481,225113,2,2,31,2025-03-18,2025-04-03,High-Net-Worth,5325.05
MZ1153,27,147601,45668,24438,44500,114606,4,1,42,2023-12-19,2025-08-18,High-Net-Worth,2865.49
MZ1154,29,288161,60830,22896,92038,175764,3,2,30,2024-07-29,2025-09-21,High-Net-Worth,4179.38
MZ1155,33,101747,29753,11609,164613,205975,8,2,59,2025-04-26,2025-01-28,High-Net-Worth,5613.39
MZ1156,65,197454,92873,9893,115281,218047,2,2,60,2025-07-24,2025-03-31,High-Net-Worth,5918.76
MZ1157,59,2883,1039,303,0,1342,5,0,59,2024-05-03,2025-03-26,Mass Market,0.0
MZ1158,75,67557,16835,20152,77867,114854,9,1,49,2025-11-20,2025-03-21,High-Net-Worth,3003.99
MZ1159,50,123691,94286,39649,124683,258618,9,2,19,2025-06-19,2025-10-12,High-Net-Worth,5733.46
MZ1160,67,4133,1323,706,0,2029,1,0,31,2025-05-01,2024-11-15,Mass Market,0.0
MZ1161,55,109228,105393,24435,74158,203986,7,2,52,2025-11-15,2025-05-23,High-Net-Worth,5429.31
MZ1162,72,64639,48213,3096,73133,124442,7,1,36,2025-01-09,2025-07-06,High-Net-Worth,3002.86
MZ1163,60,93694,15682,19095,86980,121757,3,1,44,2024-12-19,2025-06-07,High-Net-Worth,3182.3
MZ1164,64,68901,16104,10144,73259,99507,7,1,82,2025-01-02,2025-05-28,Mass Market,2970.92
MZ1165,66,77196,120993,33324,94851,249168,1,2,46,2025-08-24,2025-06-07,High-Net-Worth,6399.97
MZ1166,43,66666,34693,4507,20308,59508,2,1,37,2025-03-10,2025-09-22,Mass Market,1506.06
MZ1167,75,49790,98280,40503,34353,173136,7,2,19,2024-12-22,2025-08-21,High-Net-Worth,3812.37
MZ1168,71,115990,124733,2863,107704,235300,6,2,86,2025-04-28,2024-11-09,High-Net-Worth,7246.85
MZ1169,61,149117,63841,7667,69993,141501,4,1,39,2025-09-03,2025-03-17,High-Net-Worth,3585.19
MZ1170,45,254999,131026,18466,100105,249597,9,2,67,2025-08-31,2025-04-12,High-Net-Worth,7001.94
MZ1171,73,102160,75536,3419,168081,247036,8,2,47,2024-12-12,2025-02-02,High-Net-Worth,6401.29
MZ1172,55,2335,171,656,0,827,5,0,57,2024-03-29,2025-02-23,Mass Market,0.0
MZ1173,27,140546,64130,28987,45820,138937,1,1,53,2025-06-03,2025-10-16,High-Net-Worth,3712.19
MZ1174,37,49196,54140,7357,3694,65191,6,1,12,2025-09-28,2024-11-12,Mass Market,1440.7
MZ1175,30,2350,1878,1935,0,3813,3,0,97,2025-01-30,2024-11-16,Mass Market,0.0
MZ1176,22,155,524,883,0,1407,3,0,70,2025-10-16,2025-01-05,Mass Market,0.0
MZ1177,71,86647,44472,3992,6258,54722,4,1,53,2025-04-21,2024-12-20,Mass Market,1395.13
MZ1178,26,4094,1222,2195,0,3417,1,0,80,2025-09-29,2025-02-22,Mass Market,0.0
MZ1179,40,40205,51244,7882,74798,133924,7,1,23,2025-03-18,2024-12-07,High-Net-Worth,2997.49
MZ1180,45,4309,1114,2078,0,3192,9,0,70,2025-04-15,2025-11-02,Mass Market,0.0
MZ1181,24,160586,53929,8311,97952,160192,1,1,45,2025-01-09,2025-10-09,High-Net-Worth,4131.02
MZ1182,62,4766,1505,1361,0,2866,3,0,5,2025-01-16,2025-05-16,Mass Market,0.0
MZ1183,33,165057,67722,20700,23891,112313,3,1,8,2025-04-21,2024-11-11,High-Net-Worth,2373.42
MZ1184,24,58422,10741,25923,26144,62808,1,1,40,2025-03-08,2025-06-07,Mass Market,1582.72
MZ1185,52,50799,30048,9375,46789,86212,1,1,83,2025-06-06,2025-05-27,Mass Market,2636.01
MZ1186,49,141926,62637,29315,50678,142630,6,1,23,2025-06-06,2025-03-03,High-Net-Worth,3228.66
MZ1187,73,169438,31656,47650,111280,190586,2,2,55,2025-09-10,2025-01-08,High-Net-Worth,5133.61
MZ1188,56,90101,18447,2623,42981,64051,5,1,39,2025-05-07,2025-03-29,Mass Market,1607.92
MZ1189,32,82077,63606,1387,95265,160258,6,1,78,2025-11-12,2025-04-04,High-Net-Worth,4731.96
MZ1190,26,80619,72251,26250,98290,196791,3,1,3,2024-12-29,2025-08-31,High-Net-Worth,4102.91
MZ1191,72,60561,21545,2203,30932,54680,6,1,46,2025-11-25,2025-04-30,Mass Market,1431.7
MZ1192,60,139006,63972,12155,48760,124887,8,1,97,2025-03-15,2025-10-04,High-Net-Worth,3952.43
MZ1193,45,83707,41528,8179,14869,64576,1,1,94,2025-05-27,2025-08-09,Mass Market,2083.12
MZ1194,57,2144,1587,1066,0,2653,8,0,27,2025-04-04,2025-01-03,Mass Market,0.0
MZ1195,34,1111,1746,303,0,2049,8,0,22,2025-10-28,2024-11-12,Mass Market,0.0
MZ1196,73,144035,50537,23250,8511,82298,9,1,69,2025-09-22,2025-06-17,Mass Market,2307.05
MZ1197,67,157531,52381,16670,29391,98442,2,1,25,2025-04-03,2025-09-02,Mass Market,2315.83
MZ1198,23,104116,53353,15315,72305,140973,3,1,78,2024-04-18,2025-09-29,High-Net-Worth,4251.88
MZ1199,67,122403,58843,25203,53665,137711,2,1,16,2025-04-25,2025-06-03,High-Net-Worth,2988.61
MZ1200,51,205824,43642,36130,167718,247490,3,2,98,2025-11-13,2025-09-07,High-Net-Worth,8029.72
MZ1201,75,4244,313,1245,0,1558,3,0,20,2025-08-18,2025-05-31,Mass Market,0.0
MZ1202,44,172723,30672,16423,51459,98554,9,2,35,2025-01-31,2025-09-09,Mass Market,2422.89
MZ1203,56,4117,1312,690,0,2002,3,0,21,2025-02-05,2024-12-10,Mass Market,0.0
MZ1204,43,45197,17437,5323,11917,34677,5,2,83,2025-05-12,2025-07-28,Mass Market,1094.42
MZ1205,61,4079,1820,2568,0,4388,9,0,37,2025-04-08,2024-12-19,Mass Market,0.0
MZ1206,37,77485,64446,2391,90257,157094,1,1,20,2025-04-18,2025-04-01,High-Net-Worth,3629.45
MZ1207,35,117016,23830,10242,94157,128229,6,1,93,2025-10-06,2025-05-20,High-Net-Worth,4042.97
MZ1208,70,122499,78616,3479,41827,123922,4,1,59,2025-08-07,2025-09-11,High-Net-Worth,3354.68
MZ1209,31,414,594,1573,0,2167,7,0,31,2025-02-19,2025-08-23,Mass Market,0.0
MZ1210,68,78881,25885,16327,67466,109678,8,1,63,2025-10-26,2025-06-08,High-Net-Worth,3012.8
MZ1211,47,264120,73105,14099,152920,240124,6,2,6,2025-02-09,2025-10-18,High-Net-Worth,4941.78
MZ1212,75,94953,75345,267,14089,89701,7,1,17,2025-05-19,2025-06-30,Mass Market,1980.78
MZ1213,45,3281,104,2335,0,2439,9,0,24,2025-11-04,2025-05-11,Mass Market,0.0
MZ1214,46,260315,83327,40844,178362,302533,2,2,16,2025-06-21,2025-09-24,High-Net-Worth,6672.78
MZ1215,57,147454,23909,6522,78966,109397,9,1,51,2024-10-19,2025-03-01,High-Net-Worth,2899.18
MZ1216,30,140377,67094,17017,59898,144009,3,1,77,2023-12-30,2025-02-22,High-Net-Worth,4307.63
MZ1217,42,92505,44221,19455,44089,107765,9,1,65,2025-02-26,2025-02-13,High-Net-Worth,3031.54
MZ1218,41,147421,7180,12070,43416,62666,2,1,53,2024-12-24,2025-01-18,Mass Market,1741.16
MZ1219,62,4889,971,1087,0,2058,4,0,92,2025-09-15,2025-10-17,Mass Market,0.0
MZ1220,55,225329,48738,44612,63490,156840,1,2,73,2024-10-29,2024-11-19,High-Net-Worth,4554.73
MZ1221,50,99890,24848,13531,90505,128884,4,1,52,2025-04-14,2025-03-01,High-Net-Worth,3551.43
MZ1222,69,1131,1062,849,0,1911,9,0,41,2025-06-02,2024-12-08,Mass Market,0.0
MZ1223,42,101249,74878,11217,71601,157696,6,1,86,2024-12-22,2024-11-08,High-Net-Worth,4880.44
MZ1224,38,276449,60400,16155,73139,149694,9,2,38,2025-07-12,2025-07-20,High-Net-Worth,3662.07
MZ1225,71,147892,32168,22617,92404,147189,8,1,40,2025-07-24,2025-03-12,High-Net-Worth,3626.18
MZ1226,40,4697,1385,2224,0,3609,7,0,50,2025-09-28,2025-05-20,Mass Market,0.0
MZ1227,40,2356,1956,2925,0,4881,2,0,44,2025-04-10,2025-03-31,Mass Market,0.0
MZ1228,35,146021,75592,8884,73664,158140,5,1,17,2025-02-14,2025-09-18,High-Net-Worth,3522.97
MZ1229,37,45153,74604,7394,83616,165614,4,1,6,2025-04-14,2025-09-22,High-Net-Worth,3425.32
MZ1230,28,34679,77135,5175,53334,135644,8,1,61,2025-07-17,2024-12-14,High-Net-Worth,3782.87
MZ1231,42,125659,12754,29751,11725,54230,4,1,68,2025-11-22,2024-11-07,Mass Market,1569.22
MZ1232,33,152137,28040,1190,52034,81264,8,1,23,2025-12-07,2025-06-17,Mass Market,1855.27
MZ1233,41,79456,97829,18649,119104,235582,9,2,67,2025-10-04,2025-03-05,High-Net-Worth,6642.3
MZ1234,54,82761,30272,26503,14764,71539,6,1,20,2025-09-07,2025-03-23,Mass Market,1533.89
MZ1235,22,134647,43669,18605,88395,150669,4,1,22,2025-05-18,2025-01-04,High-Net-Worth,3405.39
MZ1236,74,124538,47982,2842,52538,103362,2,1,23,2025-08-06,2025-09-02,High-Net-Worth,2407.23
MZ1237,22,81275,35870,14638,98796,149304,5,1,42,2025-02-21,2025-06-11,High-Net-Worth,3780.63
MZ1238,22,116679,52127,22700,30972,105799,1,1,85,2025-09-21,2025-09-13,High-Net-Worth,3177.81
MZ1239,47,187442,40779,41858,77342,159979,6,2,78,2025-10-04,2025-07-22,High-Net-Worth,4768.03
MZ1240,52,105634,53971,13626,92004,159601,9,1,60,2025-08-22,2025-02-10,High-Net-Worth,4408.29
MZ1241,70,144173,15730,17219,58556,91505,9,1,90,2024-01-24,2025-05-11,Mass Market,2815.34
MZ1242,29,4486,1849,2070,0,3919,4,0,73,2024-05-24,2025-02-11,Mass Market,0.0
MZ1243,55,62735,31922,23491,76434,131847,8,1,11,2025-11-13,2025-02-24,High-Net-Worth,2825.92
MZ1244,51,112772,59450,14968,73912,148330,1,1,71,2025-07-07,2025-03-21,High-Net-Worth,4285.94
MZ1245,68,3243,521,12,0,533,4,0,74,2024-05-15,2025-10-06,Mass Market,0.0
MZ1246,66,4433,123,282,0,405,8,0,4,2025-10-03,2025-06-19,Mass Market,0.0
MZ1247,71,104581,55132,14697,49479,119308,7,1,10,2025-03-10,2024-11-28,High-Net-Worth,2478.15
MZ1248,30,50549,28392,17604,51518,97514,9,1,16,2025-11-30,2025-07-21,Mass Market,2163.2
MZ1249,41,128776,76361,13897,69721,159979,7,1,29,2025-09-23,2025-07-09,High-Net-Worth,3807.54
MZ1250,39,162368,19790,1055,86533,107378,7,1,78,2025-11-07,2025-11-04,High-Net-Worth,3248.65
MZ1251,28,38203,127031,39176,176166,342373,1,2,31,2025-08-14,2025-10-21,High-Net-Worth,8226.85
MZ1252,56,146878,12398,4591,66046,83035,5,1,29,2025-02-08,2025-01-22,Mass Market,1892.82
MZ1253,71,86551,44552,28713,18777,92042,9,1,28,2025-11-10,2025-04-15,Mass Market,2116.1
MZ1254,57,118220,121988,36428,129924,288340,1,2,44,2025-03-18,2024-12-18,High-Net-Worth,7378.42
MZ1255,42,94511,24558,9826,49343,83727,3,1,96,2025-08-18,2025-02-10,Mass Market,2704.95
MZ1256,41,146114,65689,29974,7552,103215,9,1,52,2025-10-04,2025-04-13,High-Net-Worth,2760.95
MZ1257,46,76422,31651,10822,84765,127238,2,1,57,2023-11-03,2025-05-07,High-Net-Worth,3643.97
MZ1258,75,64255,40187,12359,88299,140845,1,1,9,2025-02-14,2025-08-08,High-Net-Worth,3003.9
MZ1259,68,142379,135670,13689,87284,236643,5,2,1,2025-10-12,2025-07-27,High-Net-Worth,4819.22
MZ1260,69,174357,36797,22794,79220,138811,4,1,50,2025-07-20,2025-07-13,High-Net-Worth,3691.49
MZ1261,46,112946,52088,10106,34283,96477,6,1,65,2025-04-15,2025-03-03,Mass Market,2745.99
MZ1262,70,174843,31624,12147,41015,84786,7,1,5,2025-09-28,2025-01-28,Mass Market,1732.95
MZ1263,23,104023,59732,9672,19976,89380,4,1,42,2025-08-08,2025-07-18,Mass Market,2294.79
MZ1264,53,202580,77456,32022,189676,299154,8,2,58,2025-06-14,2025-08-18,High-Net-Worth,8113.31
MZ1265,32,130412,76636,16001,24123,116760,9,1,82,2025-11-03,2025-10-13,High-Net-Worth,3520.15
MZ1266,74,52,844,563,0,1407,4,0,8,2025-08-22,2024-11-15,Mass Market,0.0
MZ1267,54,95916,12923,20245,83588,116756,8,1,84,2024-02-09,2025-03-08,High-Net-Worth,3536.79
MZ1268,57,50053,7192,17347,94659,119198,5,1,68,2023-11-16,2025-06-19,High-Net-Worth,3401.24
MZ1269,65,158166,28496,3506,12624,44626,9,1,19,2025-03-17,2025-07-12,Mass Market,1114.24
MZ1270,38,74038,57022,2589,48896,108507,7,1,58,2024-12-20,2025-01-27,High-Net-Worth,2863.45
MZ1271,36,127658,15566,21421,85182,122169,1,1,11,2025-03-04,2025-04-19,High-Net-Worth,2645.68
MZ1272,52,77,1439,701,0,2140,2,0,63,2025-06-25,2025-04-04,Mass Market,0.0
MZ1273,58,4326,1882,174,0,2056,4,0,27,2025-04-12,2024-11-23,Mass Market,0.0
MZ1274,39,609,1401,1148,0,2549,9,0,72,2024-05-30,2024-12-11,Mass Market,0.0
MZ1275,23,108443,23899,24649,93416,141964,7,1,9,2025-08-10,2025-06-12,High-Net-Worth,2918.35
MZ1276,58,137740,75852,10870,50311,137033,3,1,88,2023-10-23,2024-11-07,High-Net-Worth,4224.43
MZ1277,44,800,895,950,0,1845,2,0,43,2025-02-10,2025-01-07,Mass Market,0.0
MZ1278,47,47383,40825,25675,59054,125554,8,1,29,2025-06-02,2025-05-14,High-Net-Worth,3020.66
MZ1279,49,133588,54816,2808,81083,138707,5,1,31,2024-06-23,2024-11-12,High-Net-Worth,3314.84
MZ1280,31,128780,25221,24237,51068,100526,6,1,46,2024-06-03,2025-09-19,High-Net-Worth,2534.66
MZ1281,50,144791,40358,3349,17367,61074,2,1,23,2025-03-02,2025-04-06,Mass Market,1361.3
MZ1282,54,60538,8442,2936,46388,57766,9,1,11,2025-06-28,2025-01-11,Mass Market,1268.73
MZ1283,46,2390,847,1588,0,2435,2,0,92,2025-08-09,2025-01-30,Mass Market,0.0
MZ1284,58,115510,109806,11108,36396,157310,5,2,38,2025-11-09,2025-06-28,High-Net-Worth,3856.9
MZ1285,32,72170,60194,9822,63469,133485,2,1,46,2025-01-25,2025-07-07,High-Net-Worth,3448.06
MZ1286,53,128123,130025,7010,35517,172552,5,2,0,2025-01-28,2025-04-24,High-Net-Worth,3453.32
MZ1287,46,100700,48874,14110,85332,148316,3,1,38,2024-12-21,2025-06-01,High-Net-Worth,3638.24
MZ1288,34,78180,28283,13049,41830,83162,5,1,94,2025-02-20,2024-11-22,Mass Market,2747.59
MZ1289,72,98714,54290,9184,51502,114976,6,1,14,2025-03-07,2025-01-28,High-Net-Worth,2532.42
MZ1290,33,35711,131011,46423,54958,232392,8,2,37,2024-04-12,2024-11-23,High-Net-Worth,5621.4
MZ1291,65,70742,44692,7930,33119,85741,3,1,91,2025-11-04,2025-04-10,Mass Market,2699.45
MZ1292,50,276257,115068,35020,132805,282893,7,2,69,2025-06-10,2025-10-25,High-Net-Worth,8064.72
MZ1293,66,72755,38670,16268,172386,227324,6,2,21,2025-02-26,2024-12-16,High-Net-Worth,5185.83
MZ1294,63,178221,48463,26090,56420,130973,2,1,1,2025-03-25,2025-09-23,High-Net-Worth,2596.21
MZ1295,69,144684,126858,24518,102533,253909,8,2,98,2025-03-30,2024-11-30,High-Net-Worth,8182.83
MZ1296,31,38719,68277,3425,38722,110424,7,1,10,2025-09-30,2025-09-14,High-Net-Worth,2371.76
MZ1297,44,86966,64681,25698,27114,117493,9,1,61,2025-05-01,2025-05-18,High-Net-Worth,3289.03
MZ1298,68,95800,13804,9839,5856,29499,2,1,2,2024-12-30,2025-05-21,Mass Market,537.34
MZ1299,73,178386,36970,16908,22865,76743,9,1,20,2025-04-19,2025-05-27,Mass Market,1709.99
MZ1300,36,120543,29176,6107,83948,119231,7,1,50,2025-09-01,2025-10-29,High-Net-Worth,3106.07
MZ1301,50,250209,111930,291,184742,296963,4,2,26,2025-11-09,2025-06-23,High-Net-Worth,6871.72
MZ1302,58,4398,382,1498,0,1880,6,0,25,2023-11-30,2025-03-23,Mass Market,0.0
MZ1303,53,189914,111879,40062,102903,254844,2,2,44,2025-01-29,2025-05-16,High-Net-Worth,6586.79
MZ1304,33,156913,16108,22023,17556,55687,6,1,15,2025-09-09,2025-07-13,Mass Market,1238.4
MZ1305,45,109454,55916,13704,78174,147794,3,1,73,2025-04-06,2025-04-30,High-Net-Worth,4241.46
MZ1306,62,118224,53742,32089,75716,161547,3,2,23,2025-01-28,2025-06-04,High-Net-Worth,3741.28
MZ1307,25,157259,6256,15879,17895,40030,4,1,49,2025-04-02,2025-01-29,Mass Market,1151.89
MZ1308,48,98477,63176,16013,21922,101111,2,1,72,2025-08-21,2025-10-28,High-Net-Worth,2983.84
MZ1309,40,2251,460,2202,0,2662,5,0,21,2025-04-02,2025-03-23,Mass Market,0.0
MZ1310,57,85755,39938,17556,142372,199866,6,2,69,2025-04-30,2025-10-22,High-Net-Worth,5645.2
MZ1311,56,177731,60725,3355,96467,160547,4,1,38,2025-06-16,2025-10-27,High-Net-Worth,3949.33
MZ1312,74,3596,1772,480,0,2252,4,0,26,2024-12-13,2025-01-15,Mass Market,0.0
MZ1313,61,72255,23249,25717,27082,76048,4,1,7,2025-07-21,2025-01-25,Mass Market,1650.85
MZ1314,60,115278,94843,46140,76712,217695,5,2,73,2025-03-23,2025-06-29,High-Net-Worth,6304.98
MZ1315,65,1110,1971,1685,0,3656,1,0,35,2024-09-01,2024-12-12,Mass Market,0.0
MZ1316,37,131743,47217,27147,32447,106811,7,1,62,2025-07-27,2025-09-01,High-Net-Worth,2986.2
MZ1317,62,100174,64243,2474,83050,149767,2,1,51,2024-12-21,2025-02-22,High-Net-Worth,3988.84
MZ1318,45,167051,68968,10724,76278,155970,1,1,99,2025-04-21,2025-09-26,High-Net-Worth,5003.18
MZ1319,62,162425,13300,26072,70048,109420,7,1,27,2025-04-02,2025-04-07,High-Net-Worth,2554.72
MZ1320,39,148072,42171,11067,71737,124975,3,1,72,2024-12-27,2025-03-09,High-Net-Worth,3462.21
MZ1321,70,376,203,2564,0,2767,8,0,2,2025-09-22,2025-09-10,Mass Market,0.0
MZ1322,50,45088,61072,6629,90255,157956,3,1,83,2025-07-24,2025-06-11,High-Net-Worth,4746.69
MZ1323,27,66319,15803,12184,87098,115085,3,1,6,2024-12-18,2025-04-24,High-Net-Worth,2375.39
MZ1324,70,111260,16953,23058,12475,52486,1,1,27,2024-01-09,2025-03-13,Mass Market,1164.47
MZ1325,36,255543,12434,528,182346,195308,6,2,15,2025-04-11,2025-04-10,High-Net-Worth,4353.98
MZ1326,26,83209,16708,23945,13425,54078,2,1,40,2025-10-02,2025-05-08,Mass Market,1280.44
MZ1327,46,127092,23724,2241,69534,95499,1,1,78,2025-06-15,2024-12-15,Mass Market,2819.09
MZ1328,68,136323,24840,13490,80750,119080,8,1,27,2025-10-01,2025-09-29,High-Net-Worth,2790.03
MZ1329,70,4829,1495,1572,0,3067,6,0,54,2025-08-07,2025-06-04,Mass Market,0.0
MZ1330,39,2032,1133,2461,0,3594,5,0,99,2023-12-06,2024-11-24,Mass Market,0.0
MZ1331,41,108362,71784,6181,98021,175986,7,1,37,2024-07-08,2024-12-17,High-Net-Worth,4405.72
MZ1332,53,61277,36599,16370,83634,136603,2,1,67,2025-07-02,2025-11-06,High-Net-Worth,3804.32
MZ1333,30,147828,79498,13790,47895,141183,9,1,87,2025-11-04,2025-08-16,High-Net-Worth,4417.18
MZ1334,23,55006,13615,17182,56555,87352,1,2,7,2025-01-24,2025-04-23,Mass Market,1823.98
MZ1335,67,246206,121037,45993,105454,272484,2,2,81,2025-09-24,2025-02-11,High-Net-Worth,8159.51
MZ1336,39,2538,161,2094,0,2255,4,0,19,2025-02-14,2025-02-11,Mass Market,0.0
MZ1337,62,2540,1430,1791,0,3221,4,0,7,2024-03-30,2025-07-10,Mass Market,0.0
MZ1338,29,114754,12212,10134,87304,109650,3,1,15,2024-12-17,2025-11-06,High-Net-Worth,2421.7
MZ1339,22,96065,50443,17137,67793,135373,5,1,21,2023-10-05,2025-05-06,High-Net-Worth,3072.77
MZ1340,39,240,686,1758,0,2444,5,0,67,2025-02-19,2025-10-11,Mass Market,0.0
MZ1341,62,4064,932,2092,0,3024,6,0,7,2025-09-17,2025-03-02,Mass Market,0.0
MZ1342,45,75938,18487,29303,75223,123013,2,1,29,2024-11-01,2025-02-25,High-Net-Worth,2876.17
MZ1343,37,3864,745,1568,0,2313,3,0,22,2025-01-10,2025-10-25,Mass Market,0.0
MZ1344,48,86179,37540,13639,94409,145588,6,1,34,2025-10-11,2025-10-04,High-Net-Worth,3534.0
MZ1345,54,1469,457,2112,0,2569,1,0,51,2025-07-20,2025-10-08,Mass Market,0.0
MZ1346,71,98399,16322,18123,59866,94311,1,1,47,2025-07-09,2025-08-02,Mass Market,2421.03
MZ1347,69,155983,131615,24135,155108,310858,8,2,98,2025-03-07,2025-08-04,High-Net-Worth,10030.85
MZ1348,70,74735,5835,13436,3133,22404,4,1,69,2024-12-21,2025-05-19,Mass Market,674.42
MZ1349,22,31191,54319,27820,96741,178880,5,1,13,2025-08-12,2025-07-30,High-Net-Worth,3947.58
MZ1350,48,169984,12850,4665,93277,110792,5,1,11,2025-03-20,2025-10-21,High-Net-Worth,2306.29
MZ1351,48,104091,16128,19030,12527,47685,9,1,17,2025-11-03,2024-12-21,Mass Market,1161.68
MZ1352,59,59454,124028,43413,34264,201705,4,2,37,2025-05-24,2025-07-02,High-Net-Worth,4869.38
MZ1353,66,94688,64343,8911,30619,103873,2,1,25,2025-02-15,2025-09-04,High-Net-Worth,2394.47
MZ1354,28,47848,26544,14731,61086,102361,6,1,52,2025-08-27,2025-09-12,High-Net-Worth,2741.98
MZ1355,50,105731,39735,27934,15717,83386,2,1,20,2024-12-16,2024-11-26,Mass Market,1890.23
MZ1356,66,49344,66366,21482,38882,126730,2,2,91,2025-05-23,2025-07-08,High-Net-Worth,3945.02
MZ1357,54,2448,532,712,0,1244,1,0,51,2025-03-05,2025-03-26,Mass Market,0.0
MZ1358,37,3785,208,572,0,780,2,0,1,2025-08-20,2025-10-12,Mass Market,0.0
MZ1359,30,142960,57505,12197,89952,159654,2,1,74,2025-11-03,2025-01-16,High-Net-Worth,4659.47
MZ1360,23,1619,1848,2645,0,4493,8,0,16,2025-06-25,2025-09-26,Mass Market,0.0
MZ1361,29,3776,103,688,0,791,7,0,92,2025-05-30,2025-04-24,Mass Market,0.0
MZ1362,65,75150,51392,7035,24530,82957,5,1,35,2025-11-24,2025-03-29,Mass Market,1997.43
MZ1363,61,156062,87360,32695,108001,228056,9,2,61,2024-04-25,2025-10-12,High-Net-Worth,6270.58
MZ1364,30,61143,73919,8164,82674,164757,9,1,2,2025-06-11,2025-05-01,High-Net-Worth,3378.81
MZ1365,52,279511,100186,37070,131699,268955,6,2,49,2025-07-01,2025-06-27,High-Net-Worth,7044.3
MZ1366,60,53840,41822,1919,61824,105565,9,1,45,2025-09-21,2025-01-17,High-Net-Worth,2670.46
MZ1367,28,120096,36608,8733,69951,115292,1,1,97,2025-05-27,2025-07-23,High-Net-Worth,3748.74
MZ1368,44,65081,36005,19415,41681,97101,6,1,75,2025-06-14,2025-10-29,Mass Market,2867.71
MZ1369,58,101102,59344,32258,142114,233716,5,2,22,2024-10-10,2025-03-06,High-Net-Worth,5357.68
MZ1370,36,136918,15224,34501,125301,175026,1,2,42,2025-10-06,2025-01-02,High-Net-Worth,4450.89
MZ1371,43,161926,47413,1951,2872,52236,3,1,75,2025-10-16,2024-11-17,Mass Market,1492.98
MZ1372,55,173402,14506,12241,92345,119092,7,1,75,2025-06-29,2025-09-22,High-Net-Worth,3470.32
MZ1373,30,130990,62261,25947,83789,171997,8,1,83,2025-02-27,2025-06-03,High-Net-Worth,5261.77
MZ1374,66,215279,68520,43616,154389,266525,3,2,48,2025-07-14,2025-06-08,High-Net-Worth,6960.17
MZ1375,30,130529,5235,23003,75082,103320,7,1,98,2024-01-04,2025-01-26,High-Net-Worth,3331.02
MZ1376,42,139212,37291,32517,36868,106676,6,2,95,2025-07-01,2025-10-04,High-Net-Worth,3406.16
MZ1377,32,2750,914,46,0,960,5,0,26,2025-06-15,2025-07-08,Mass Market,0.0
MZ1378,38,10,98,1580,0,1678,8,0,93,2025-05-14,2025-04-12,Mass Market,0.0
MZ1379,53,92536,76568,12299,13294,102161,8,1,100,2024-12-25,2025-01-21,High-Net-Worth,3384.12
MZ1380,36,97151,14661,26188,4379,45228,5,1,2,2025-10-19,2025-06-02,Mass Market,886.29
MZ1381,26,55296,54212,5272,95942,155426,2,1,70,2025-01-31,2025-09-26,High-Net-Worth,4495.85
MZ1382,52,3533,1930,2677,0,4607,3,0,77,2025-10-21,2025-04-04,Mass Market,0.0
MZ1383,43,169216,29901,13411,91382,134694,9,1,92,2025-07-20,2025-02-09,High-Net-Worth,4232.75
MZ1384,41,53071,11505,12874,74943,99322,9,1,62,2024-11-06,2025-08-26,Mass Market,2745.3
MZ1385,49,2412,1687,2711,0,4398,8,0,25,2024-08-12,2025-09-24,Mass Market,0.0
MZ1386,62,179064,15739,15517,15139,46395,5,1,100,2025-01-07,2025-04-23,Mass Market,1562.78
MZ1387,38,4457,793,757,0,1550,6,0,48,2025-11-19,2025-05-07,Mass Market,0.0
MZ1388,38,99956,39524,7413,35200,82137,1,1,19,2025-10-29,2024-11-21,Mass Market,1879.09
MZ1389,64,157929,75968,13565,99150,188683,4,1,70,2025-03-19,2025-10-12,High-Net-Worth,5465.31
MZ1390,48,273544,71772,31212,78342,181326,2,2,50,2024-01-20,2024-11-12,High-Net-Worth,4825.08
MZ1391,55,103305,41531,49623,117713,208867,3,2,21,2025-10-08,2025-07-27,High-Net-Worth,4726.67
MZ1392,24,42271,62067,6616,82211,150894,3,1,76,2025-11-07,2025-07-03,High-Net-Worth,4485.47
MZ1393,27,106423,57082,18089,42746,117917,5,1,66,2025-12-05,2025-03-23,High-Net-Worth,3315.64
MZ1394,72,303372,119994,7374,108643,236011,3,2,18,2025-10-21,2025-01-26,High-Net-Worth,5267.45
MZ1395,28,73548,84997,35103,90143,210243,7,2,33,2025-02-22,2025-04-30,High-Net-Worth,5065.61
MZ1396,60,54910,27570,9024,52818,89412,3,1,79,2025-05-20,2025-01-05,Mass Market,2676.03
MZ1397,24,148598,48449,22626,31139,102214,1,1,95,2025-06-04,2025-03-14,High-Net-Worth,3287.83
MZ1398,23,138636,44722,10189,36745,91656,8,1,89,2024-07-14,2024-11-27,Mass Market,2811.88
MZ1399,30,162692,63079,25363,42056,130498,5,1,93,2025-10-27,2025-04-13,High-Net-Worth,4231.62
MZ1400,34,64707,58368,24279,63499,146146,9,1,47,2025-09-21,2025-10-15,High-Net-Worth,3731.23
MZ1401,26,126004,71426,13218,17779,102423,9,1,72,2025-08-31,2025-10-29,High-Net-Worth,2909.56
MZ1402,75,2043,67,1869,0,1936,1,0,46,2025-06-06,2024-11-17,Mass Market,0.0
MZ1403,74,123207,57028,20821,16236,94085,1,1,30,2025-04-27,2025-05-06,Mass Market,2292.42
MZ1404,33,113423,77264,11460,45121,133845,3,1,33,2024-10-24,2024-11-25,High-Net-Worth,3268.59
MZ1405,46,1334,1748,2343,0,4091,4,0,28,2025-08-28,2024-12-16,Mass Market,0.0
MZ1406,39,106776,7628,28332,89417,125377,1,1,60,2025-02-07,2025-09-06,High-Net-Worth,3479.07
MZ1407,73,1833,516,2491,0,3007,5,0,91,2025-05-09,2024-11-14,Mass Market,0.0
MZ1408,46,103161,38029,7150,61171,106350,5,1,86,2025-05-22,2025-02-19,High-Net-Worth,3301.68
MZ1409,59,60,1047,2713,0,3760,6,0,71,2025-07-20,2024-12-16,Mass Market,0.0
MZ1410,41,3946,130,1377,0,1507,5,0,81,2025-07-31,2025-05-30,Mass Market,0.0
MZ1411,63,76188,24651,16950,31496,73097,1,1,76,2024-12-28,2025-04-20,Mass Market,2155.75
MZ1412,30,4074,605,1062,0,1667,7,0,51,2025-02-16,2025-04-28,Mass Market,0.0
MZ1413,67,127970,99959,47615,187005,334579,4,2,87,2025-04-12,2025-02-12,High-Net-Worth,10285.26
MZ1414,64,118494,44347,27702,22280,94329,9,1,23,2024-09-03,2025-06-15,Mass Market,2161.57
MZ1415,69,149551,78273,24999,23995,127267,6,1,83,2025-08-19,2025-09-28,High-Net-Worth,3831.88
MZ1416,69,109612,48426,12179,34152,94757,5,1,59,2025-01-21,2025-09-13,Mass Market,2642.73
MZ1417,59,64137,133789,12749,131197,277735,2,2,87,2025-05-14,2025-05-01,High-Net-Worth,8567.72
MZ1418,25,50504,31253,11228,53633,96114,8,1,18,2025-09-10,2025-06-04,Mass Market,2097.26
MZ1419,71,3994,681,2584,0,3265,3,0,40,2024-03-21,2024-12-23,Mass Market,0.0
MZ1420,39,139271,27099,18883,20766,66748,8,1,100,2024-03-30,2025-09-28,Mass Market,2153.24
MZ1421,62,103873,61233,15643,50242,127118,1,1,4,2025-06-03,2025-02-12,High-Net-Worth,2626.57
MZ1422,22,130201,74603,6244,2348,83195,1,1,80,2025-06-18,2025-07-08,Mass Market,2467.66
MZ1423,41,53962,55272,16493,77158,148923,5,1,21,2025-07-12,2025-10-10,High-Net-Worth,3328.27
MZ1424,40,135398,73195,19541,68697,161433,6,1,55,2025-06-19,2024-11-26,High-Net-Worth,4350.7
MZ1425,53,144819,29697,5402,52873,87972,1,1,29,2025-10-05,2025-07-21,Mass Market,2090.59
MZ1426,35,4830,1033,692,0,1725,2,0,46,2025-11-22,2024-11-13,Mass Market,0.0
MZ1427,46,144089,75088,20418,6368,101874,1,1,84,2025-12-01,2025-09-18,High-Net-Worth,3081.81
MZ1428,25,3414,909,1557,0,2466,2,0,70,2025-09-24,2025-07-06,Mass Market,0.0
MZ1429,35,2466,861,2710,0,3571,2,0,84,2025-02-04,2025-02-19,Mass Market,0.0
MZ1430,66,107896,18751,16763,94210,129724,2,1,36,2025-04-01,2025-09-15,High-Net-Worth,3154.69
MZ1431,34,126526,78942,34284,52867,166093,6,2,90,2025-11-21,2025-04-17,High-Net-Worth,5202.01
MZ1432,57,167822,32222,22551,63001,117774,6,1,30,2024-09-23,2025-11-11,High-Net-Worth,2724.73
MZ1433,29,279852,49097,5903,134140,189140,2,2,92,2024-06-29,2024-11-07,High-Net-Worth,5887.54
MZ1434,63,111367,43800,8654,60853,113307,1,1,12,2025-07-16,2025-08-15,High-Net-Worth,2400.18
MZ1435,45,98336,20191,3112,99379,122682,1,1,1,2025-09-15,2025-09-03,High-Net-Worth,2458.3
MZ1436,43,158747,62372,20375,35167,117914,2,1,47,2025-05-20,2025-05-21,High-Net-Worth,3066.57
MZ1437,47,79129,55556,22606,62684,140846,7,1,83,2023-11-17,2025-08-19,High-Net-Worth,4351.97
MZ1438,68,1305,212,1704,0,1916,8,0,72,2025-02-02,2024-11-30,Mass Market,0.0
MZ1439,46,123131,8777,28264,89714,126755,3,1,61,2024-04-11,2025-03-08,High-Net-Worth,3544.49
MZ1440,50,518,535,2682,0,3217,6,0,1,2025-03-18,2024-11-17,Mass Market,0.0
MZ1441,71,146632,98683,34019,137128,269830,2,2,55,2025-04-09,2024-12-09,High-Net-Worth,7243.68
MZ1442,44,61484,78183,29231,80335,187749,1,1,1,2025-03-28,2024-12-18,High-Net-Worth,3777.5
MZ1443,52,159956,26679,2453,98491,127623,8,1,41,2025-07-22,2025-07-12,High-Net-Worth,3156.4
MZ1444,25,136762,109257,26429,61603,197289,2,2,58,2025-04-26,2025-03-30,High-Net-Worth,5375.2
MZ1445,27,92098,46426,3889,65191,115506,1,1,13,2025-03-01,2025-04-20,High-Net-Worth,2483.38
MZ1446,57,744,1621,2474,0,4095,5,0,65,2025-01-02,2025-01-29,Mass Market,0.0
MZ1447,51,93124,12113,26757,29218,68088,8,1,42,2025-02-07,2025-01-30,Mass Market,1735.36
MZ1448,52,139836,64314,3736,12771,80821,4,1,0,2025-01-21,2025-05-22,Mass Market,1575.06
MZ1449,73,128286,73417,12251,92025,177693,2,1,5,2025-05-16,2025-08-20,High-Net-Worth,3690.89
MZ1450,28,114065,30679,6145,15826,52650,7,1,27,2025-09-05,2025-03-23,Mass Market,1307.33
MZ1451,67,67625,59325,1523,83000,143848,2,1,98,2025-02-13,2025-03-27,High-Net-Worth,4633.66
MZ1452,54,173334,70382,142,69515,140039,1,1,70,2025-04-08,2025-04-05,High-Net-Worth,4046.21
MZ1453,54,137677,27760,23936,16827,68523,2,1,49,2025-06-30,2024-12-11,Mass Market,1824.67
MZ1454,54,101875,37537,8965,52149,98651,6,1,37,2025-10-02,2025-03-26,Mass Market,2409.22
MZ1455,48,293189,88358,45973,143604,277935,6,2,91,2025-08-31,2025-02-02,High-Net-Worth,8731.42
MZ1456,35,174347,100516,44064,34779,179359,3,2,64,2025-06-29,2025-02-08,High-Net-Worth,5022.68
MZ1457,67,2885,1151,1967,0,3118,7,0,86,2025-05-09,2025-02-12,Mass Market,0.0
MZ1458,73,4282,218,103,0,321,7,0,18,2025-08-31,2025-10-16,Mass Market,0.0
MZ1459,39,168413,42567,22393,32841,97801,3,1,7,2025-08-29,2024-11-24,Mass Market,2046.48
MZ1460,70,45937,104026,29661,26864,160551,9,2,28,2025-08-12,2024-12-16,High-Net-Worth,3734.3
MZ1461,54,137824,11157,12503,50797,74457,7,1,100,2025-03-04,2024-11-27,Mass Market,2421.08
MZ1462,25,2058,415,2541,0,2956,8,0,28,2025-01-14,2024-12-23,Mass Market,0.0
MZ1463,45,127006,60724,19279,117654,197657,3,2,87,2025-09-14,2025-10-05,High-Net-Worth,6127.56
MZ1464,69,91375,108880,2663,112330,223873,5,2,71,2024-01-13,2025-06-30,High-Net-Worth,6536.89
MZ1465,38,2707,955,2906,0,3861,3,0,5,2025-02-09,2025-08-26,Mass Market,0.0
MZ1466,25,177891,138594,37530,144221,320345,6,2,9,2025-08-21,2024-11-15,High-Net-Worth,6815.25
MZ1467,33,57344,142419,10444,109033,261896,9,2,68,2024-07-17,2025-04-20,High-Net-Worth,7571.7
MZ1468,35,80893,52290,9619,28632,90541,9,1,60,2025-01-13,2025-01-29,Mass Market,2451.51
MZ1469,22,2834,912,984,0,1896,4,0,5,2025-05-30,2024-11-28,Mass Market,0.0
MZ1470,72,3161,525,2212,0,2737,5,0,3,2025-06-03,2025-02-21,Mass Market,0.0
MZ1471,54,259400,137612,2873,77708,218193,4,2,41,2024-09-19,2025-02-22,High-Net-Worth,5525.72
MZ1472,32,300953,11921,41086,17163,70170,4,2,85,2024-12-26,2024-12-25,Mass Market,2158.12
MZ1473,49,1684,1101,2878,0,3979,7,0,82,2025-09-24,2025-10-07,Mass Market,0.0
MZ1474,23,125461,48478,1241,11471,61190,2,1,6,2025-03-01,2025-08-13,Mass Market,1379.18
MZ1475,26,139551,77803,26714,101720,206237,8,2,80,2025-12-03,2025-04-19,High-Net-Worth,6146.7
MZ1476,46,4381,12,2627,0,2639,2,0,96,2024-10-01,2025-01-17,Mass Market,0.0
MZ1477,44,79445,85978,44949,78997,209924,2,2,36,2025-01-07,2025-04-02,High-Net-Worth,5101.15
MZ1478,23,51989,74922,7204,17875,100001,7,1,69,2025-09-29,2025-06-14,High-Net-Worth,2832.56
MZ1479,41,165987,6461,18137,72754,97352,3,1,15,2024-01-07,2025-10-22,Mass Market,2023.38
MZ1480,47,69030,89872,13766,196161,299799,6,2,27,2025-03-24,2025-04-15,High-Net-Worth,6981.51
MZ1481,31,59616,33939,20214,33127,87280,4,1,14,2025-02-24,2025-08-12,Mass Market,1860.38
MZ1482,25,261835,29174,19048,176078,224300,2,2,32,2025-02-17,2025-09-23,High-Net-Worth,5390.72
MZ1483,53,93310,21805,21997,85914,129716,4,1,12,2025-09-03,2025-06-20,High-Net-Worth,2805.98
MZ1484,42,100067,48036,20196,86431,154663,5,1,88,2025-02-24,2025-01-17,High-Net-Worth,4888.36
MZ1485,45,168153,61139,5525,633,67297,6,1,31,2025-01-17,2025-07-22,Mass Market,1654.24
MZ1486,49,154614,52118,4400,89073,145591,6,1,61,2025-07-08,2025-03-21,High-Net-Worth,3993.11
MZ1487,53,82659,56077,42306,159023,257406,2,2,35,2025-09-02,2025-09-02,High-Net-Worth,6229.35
MZ1488,38,617,1827,76,0,1903,9,0,80,2025-02-18,2025-10-28,Mass Market,0.0
MZ1489,47,135947,19609,36149,68319,124077,9,2,69,2025-09-26,2025-03-16,High-Net-Worth,3576.3
MZ1490,45,71769,43141,4387,60909,108437,9,1,65,2025-03-29,2025-09-27,High-Net-Worth,2983.78
MZ1491,22,142146,26737,24812,67388,118937,3,1,57,2025-02-25,2025-08-23,High-Net-Worth,3317.74
MZ1492,64,148458,68373,11757,5297,85427,4,1,97,2025-07-29,2025-03-08,Mass Market,2803.31
MZ1493,45,48110,32102,16970,47349,96421,7,1,60,2025-11-21,2025-03-25,Mass Market,2628.12
MZ1494,63,65029,73337,20760,35847,129944,5,1,74,2025-06-02,2025-02-07,High-Net-Worth,3715.21
MZ1495,63,99380,15202,16930,32975,65107,7,1,28,2025-06-18,2025-02-21,Mass Market,1597.71
MZ1496,53,162783,5864,16444,18214,40522,8,1,21,2023-12-14,2025-07-18,Mass Market,911.08
MZ1497,39,59192,29498,5156,47477,82131,2,1,84,2025-06-25,2025-07-18,Mass Market,2566.89
MZ1498,68,3944,1382,1961,0,3343,8,0,26,2025-05-15,2025-01-14,Mass Market,0.0
MZ1499,23,37155,21762,18792,77640,118194,3,1,17,2025-02-21,2024-12-25,High-Net-Worth,2535.32
